timestamp	decision	reason	evidence	result
2026-08-30T00:00:00Z	Treat PR 18.6 as a pure move	The plan forbids behavior changes and PR 18.1 integrity invariants are already tested	b44d91a; docs/plans/18-code-quality-and-release-hygiene/overview.md PR 18.6	Pending implementation
2026-08-30T00:00:01Z	Keep Installer orchestration textually unchanged except imports	It is the caller-facing workflow boundary and the requested split assigns orchestration to installer.rs	crates/echo/src/install/installer.rs	Pending implementation
2026-08-30T00:00:02Z	Use existing install tests as the behavior contract	The branch already covers restored-mtime cache invalidation, forged stamps, cleanup confinement, leases, cancellation, recovery, and digest rotation	crates/echo/src/install/tests.rs	Baseline compile blocked by missing libpipewire-0.3
2026-08-30T00:00:03Z	Select flat free-function module design	Lead and independent arena judge both preferred Candidate A; Candidate B adds shallow filesystem/store forwarders	/tmp/echo-18-6-arena/candidate-a.md; candidate-b.md; synthesis.md	Candidate A selected
2026-08-30T00:00:04Z	Move one-release destructive policy intact into filesystem.rs	This meets filesystem cleanup ownership while store retains generation selection and lifecycle timing	Arena cross-judge graft	Pending implementation
2026-08-30T16:18:00Z	Pass the original DirEntry path into cleanup_release	Reconstructing it from a lossy filename introduced avoidable edge-case drift in a pure move	Baseline cleanup_releases_with used entry.path(); moved helper audit	Behavior preserved
2026-08-30T16:24:00Z	Keep all 42 scoped comment lines unchanged	Every comment predates the split and documents an existing safety or runtime invariant	Sorted baseline and head comment multisets are identical	No comment deletion required
2026-08-30T16:25:00Z	Verify in a CI-equivalent Ubuntu container	The host lacks libpipewire-0.3 development metadata	cargo test -p echo install::tests	15 passed; 3 ignored; 0 failed
2026-08-30T16:31:00Z	Exercise a real pinned runtime archive	The responsibility split touches extraction planning, payload verification, probing, activation, and cleanup	pinned_vulkan_runtime_archive_installs	1 passed; 0 failed
2026-08-30T16:36:00Z	Build the frontend before workspace clippy	Tauri generate_context requires frontend/dist even for the Rust lint gate	npm ci; npm run build; cargo clippy --workspace --all-targets -- -D warnings	Passed with zero warnings
2026-08-30T16:47:00Z	Treat the first status timing comparison as noisy	Cold full-hash medians varied above the five-percent rule while warm medians improved; compilation and separate copy placement disturbed the page cache	Five baseline and five head managed_status_timing samples	Performance verdict remains open for exact-head review
